﻿DT,DAY,WEEKDAY,DAYPART,IS_INSERTABLE,NETWORK_NAME,PROGRAM_NAME,TIME_SPENT
9/25/2015,FRIDAY   ,WEEKDAY,Early News (5pm-7pm),Y,FX,The Croods,2700883259
9/26/2015,SATURDAY ,WEEKEND,Late Fringe (1130pm-2am),Y,FX,Louie,4190154042
9/26/2015,SATURDAY ,WEEKEND,Prime (8p-11pm),Y,AMC,Batman Begins,2864521740
9/27/2015,SUNDAY   ,WEEKEND,Prime (8p-11pm),Y,AMC,Fear the Walking,14245976163
9/27/2015,SUNDAY   ,WEEKEND,Prime (8p-11pm),Y,FX,Married,2362344558
9/21/2015,MONDAY   ,WEEKDAY,Late Fringe (1130pm-2am),Y,FX,American Reunion,2449912518
9/22/2015,TUESDAY  ,WEEKDAY,Prime (8p-11pm),Y,AMC,Fear the Walking,5378557029
9/23/2015,WEDNESDAY,WEEKDAY,Prime (8p-11pm),Y,AMC,Uncle Buck,2207647725
9/23/2015,WEDNESDAY,WEEKDAY,Prime (8p-11pm),Y,FX,Married,2332914994
9/23/2015,WEDNESDAY,WEEKDAY,Prime (8p-11pm),Y,FX,The Watch,3139599337
9/25/2015,FRIDAY   ,WEEKDAY,Early News (5pm-7pm),Y,AMC,True Lies,2815454413
9/27/2015,SUNDAY   ,WEEKEND,Late News (11pm-1130pm),Y,FX,The Watch,4986852486
9/21/2015,MONDAY   ,WEEKDAY,Prime (8p-11pm),Y,FX,Louie,2945422200
9/21/2015,MONDAY   ,WEEKDAY,Prime (8p-11pm),Y,AMC,Fear the Walking,2483773488
9/23/2015,WEDNESDAY,WEEKDAY,Prime (8p-11pm),Y,AMC,Predator,3034988914
9/25/2015,FRIDAY   ,WEEKDAY,Prime (8p-11pm),Y,AMC,Fear the Walking,2642269341
9/25/2015,FRIDAY   ,WEEKDAY,Late Fringe (1130pm-2am),Y,FX,The Watch,5638446394
9/26/2015,SATURDAY ,WEEKEND,Late News (11pm-1130pm),Y,FX,The Watch,2849847577
9/24/2015,THURSDAY ,WEEKDAY,Late Fringe (1130pm-2am),Y,FX,The Watch,3021430274
9/24/2015,THURSDAY ,WEEKDAY,Late News (11pm-1130pm),Y,FX,Married,2552319779
9/27/2015,SUNDAY   ,WEEKEND,Late News (11pm-1130pm),Y,FX,Louie,2626403910
9/22/2015,TUESDAY  ,WEEKDAY,Prime (8p-11pm),Y,FX,Married,8418173425
9/23/2015,WEDNESDAY,WEEKDAY,Late News (11pm-1130pm),Y,FX,Married,4198291189
9/24/2015,THURSDAY ,WEEKDAY,Late Fringe (1130pm-2am),Y,FX,Married,10960969258
9/26/2015,SATURDAY ,WEEKEND,Prime (8p-11pm),Y,FX,Married,2545127558
9/26/2015,SATURDAY ,WEEKEND,Late Fringe (1130pm-2am),Y,AMC,Fear the Walking,2456054067
9/27/2015,SUNDAY   ,WEEKEND,Late Fringe (1130pm-2am),Y,FX,Married,2135027034
9/21/2015,MONDAY   ,WEEKDAY,Prime (8p-11pm),Y,FX,Grown Ups 2,2943778558
9/24/2015,THURSDAY ,WEEKDAY,Prime (8p-11pm),Y,AMC,True Lies,2755451895
9/25/2015,FRIDAY   ,WEEKDAY,Late Fringe (1130pm-2am),Y,AMC,The Matrix,2693178795
9/25/2015,FRIDAY   ,WEEKDAY,Prime (8p-11pm),Y,FX,Married,4626750114
9/22/2015,TUESDAY  ,WEEKDAY,Late Fringe (1130pm-2am),Y,FX,Bad Teacher,10736425446
9/24/2015,THURSDAY ,WEEKDAY,Prime (8p-11pm),Y,FX,Louie,5643185429
9/24/2015,THURSDAY ,WEEKDAY,Prime (8p-11pm),Y,FX,The Watch,4118203161
9/24/2015,THURSDAY ,WEEKDAY,Prime (8p-11pm),Y,AMC,The Matrix,2640465653
9/27/2015,SUNDAY   ,WEEKEND,Late News (11pm-1130pm),Y,AMC,Batman Begins,2162432677
9/27/2015,SUNDAY   ,WEEKEND,Prime (8p-11pm),Y,FX,The Watch,7387746279
