{"metadata":{"asset_id":"12ea2026-ebc1-4c57-9993-7c73911b2088","asset_attributes":["data_asset"],"name":"research_target_audience.csv","asset_type":"data_asset","created_at":"2020-04-07T02:34:10Z","description":"","origin_country":"us","owner_id":"1000331001","project_id":"e965905c-4d99-44bb-86ab-6586f49599c3","sandbox_id":"e965905c-4d99-44bb-86ab-6586f49599c3","size":2355658,"tags":[],"usage":{"last_update_time":1586226883823,"last_updated_at":"2020-04-07T02:34:43Z"}},"entity":{"data_asset":{"mime_type":"text/csv","dataset":false,"schema":{"etag":"W/\"23f1ca-ru7380Z9Fs4WYteO1SplLnQQl1U\"","fields":[{"name":"DT","type":"date","format":"%d/%m/%Y"},{"name":"DAY","type":"string","format":"default"},{"name":"WEEKDAY","type":"string","format":"default"},{"name":"HOME","type":"string","format":"default"},{"name":"RETAIL","type":"string","format":"default"},{"name":"TRAVEL","type":"string","format":"default"},{"name":"OCCUPATION","type":"string","format":"default"},{"name":"AGE_GROUP","type":"string","format":"default"},{"name":"ETHNICITY","type":"string","format":"default"},{"name":"GENDER","type":"string","format":"default"},{"name":"PROGRAM_NAME","type":"string","format":"default"},{"name":"NETWORK_NAME","type":"string","format":"default"},{"name":"TYPE_NAME","type":"string","format":"default"},{"name":"DEVICE_TYPE","type":"string","format":"default"},{"name":"DAYPART","type":"string","format":"default"},{"name":"TIME_SPENT","type":"number","format":"default"}]}}},"attachments":[{"id":"67f44f4d-1eb0-49fa-be2b-8802b3b950b8","version":2,"asset_type":"data_asset","name":"research_target_audience.csv","mime":"text/csv","object_key":"data_asset/research_target_audience.csv","create_time":1586226850381,"size":2355658,"is_remote":false,"is_managed":false,"is_referenced":true,"is_object_key_read_only":true,"is_user_provided_path_key":true,"transfer_complete":true,"is_partitioned":false,"complete_time_ticks":1586226850381,"user_data":{},"test_doc":0,"handle":{"key":"data_asset/research_target_audience.csv","upload_id":"done","max_part_num":1},"usage":{"access_count":0,"last_accessor_id":"1000331001","last_access_time":1586226850381}}]}