{"metadata":{"asset_id":"81efb577-42d0-4f93-9038-9e8586cd5340","asset_attributes":["data_asset"],"name":"planning_target_audience.csv","asset_type":"data_asset","created_at":"2020-04-07T02:34:10Z","description":"","origin_country":"us","owner_id":"1000331001","project_id":"e965905c-4d99-44bb-86ab-6586f49599c3","sandbox_id":"e965905c-4d99-44bb-86ab-6586f49599c3","size":3365859,"tags":[],"usage":{"last_update_time":1586226892471,"last_updated_at":"2020-04-07T02:34:52Z"}},"entity":{"data_asset":{"mime_type":"text/csv","dataset":false,"schema":{"etag":"W/\"335be3-Mi1hn5PGVyhTwJ2fHANOUcZRgjA\"","fields":[{"name":"DAY","type":"string","format":"default"},{"name":"DAYPART","type":"string","format":"default"},{"name":"HOME","type":"string","format":"default"},{"name":"RETAIL","type":"string","format":"default"},{"name":"TRAVEL","type":"string","format":"default"},{"name":"INTEREST","type":"string","format":"default"},{"name":"OCCUPATION","type":"string","format":"default"},{"name":"LIFESTYLE","type":"string","format":"default"},{"name":"AGE_GROUP","type":"string","format":"default"},{"name":"ETHNICITY","type":"string","format":"default"},{"name":"HOUSEHOLD_INCOME","type":"string","format":"default"},{"name":"GENDER","type":"string","format":"default"},{"name":"NETWORK_NAME","type":"string","format":"default"},{"name":"TIME","type":"time","format":"%H:%M"},{"name":"TIME_SPENT","type":"integer","format":"default"}]}}},"attachments":[{"id":"9d639677-efca-4a7d-9bc5-31d1092e1a14","version":2,"asset_type":"data_asset","name":"planning_target_audience.csv","mime":"text/csv","object_key":"data_asset/planning_target_audience.csv","create_time":1586226851045,"size":3365859,"is_remote":false,"is_managed":false,"is_referenced":true,"is_object_key_read_only":true,"is_user_provided_path_key":true,"transfer_complete":true,"is_partitioned":false,"complete_time_ticks":1586226851045,"user_data":{},"test_doc":0,"handle":{"key":"data_asset/planning_target_audience.csv","upload_id":"done","max_part_num":1},"usage":{"access_count":0,"last_accessor_id":"1000331001","last_access_time":1586226851045}}]}