{"metadata":{"asset_id":"463ab7f6-391f-4c4f-bc77-0bcfd58faaa1","asset_attributes":["data_asset"],"name":"program_viewership.csv","asset_type":"data_asset","created_at":"2020-04-07T02:31:45Z","description":"","origin_country":"us","owner_id":"1000331001","project_id":"e965905c-4d99-44bb-86ab-6586f49599c3","sandbox_id":"e965905c-4d99-44bb-86ab-6586f49599c3","size":2883,"tags":[],"usage":{"last_update_time":1586226861640,"last_updated_at":"2020-04-07T02:34:21Z"}},"entity":{"data_asset":{"mime_type":"text/csv","dataset":false,"schema":{"etag":"W/\"b43-tU6hD0IKjsuHnNFXukdceJ6Yugo\"","fields":[{"name":"DT","type":"date","format":"%d/%m/%Y"},{"name":"DAY","type":"string","format":"default"},{"name":"WEEKDAY","type":"string","format":"default"},{"name":"DAYPART","type":"string","format":"default"},{"name":"IS_INSERTABLE","type":"string","format":"default"},{"name":"NETWORK_NAME","type":"string","format":"default"},{"name":"PROGRAM_NAME","type":"string","format":"default"},{"name":"TIME_SPENT","type":"integer","format":"default"}]}}},"attachments":[{"id":"d4339a3f-1d2a-447e-92e0-70f97414cb02","version":2,"asset_type":"data_asset","name":"program_viewership.csv","mime":"text/csv","object_key":"data_asset/program_viewership.csv","create_time":1586226706159,"size":2883,"is_remote":false,"is_managed":false,"is_referenced":true,"is_object_key_read_only":true,"is_user_provided_path_key":true,"transfer_complete":true,"is_partitioned":false,"complete_time_ticks":1586226706159,"user_data":{},"test_doc":0,"handle":{"key":"data_asset/program_viewership.csv","upload_id":"done","max_part_num":1},"usage":{"access_count":0,"last_accessor_id":"1000331001","last_access_time":1586226706159}}]}